NO, FirstName, LastName, Email, City
NO,FirstName,LastName,gef@saf.pg,Babjoafu
NO,FirstName,LastName,cuujoawo@kus.sh,Wuonhuj
NO,FirstName,LastName,uv@maluw.ne,Biwelrun
NO,FirstName,LastName,pamoho@cuokne.na,Ceorhaj
NO,FirstName,LastName,kividvo@wafgur.vn,Hutgupid
NO,FirstName,LastName,bof@ijco.cy,Cohmopu
NO,FirstName,LastName,jimoj@la.my,Fogsizud
NO,FirstName,LastName,uvzume@sut.se,Nateweeb
NO,FirstName,LastName,tiz@je.to,Pupotrew
NO,FirstName,LastName,towan@di.hr,Forumos
NO,FirstName,LastName,pawkofub@fe.mv,Pafoktu
NO,FirstName,LastName,keraom@ukiragad.mu,Kovoev
NO,FirstName,LastName,et@sa.gr,Mawmuzor
NO,FirstName,LastName,ibo@pubavuk.tl,Elimogig
NO,FirstName,LastName,neado@cipufgu.nu,Opzizez
NO,FirstName,LastName,akhivep@kicu.br,Talepit
NO,FirstName,LastName,jujfi@corgiraw.nu,Etfesrem
NO,FirstName,LastName,umo@vido.ms,Mafuletu
NO,FirstName,LastName,jopgehbu@wepdo.sm,Ovotehum
NO,FirstName,LastName,jupbin@ki.kz,Faolot
NO,FirstName,LastName,sit@ogegowac.ws,Ahbuve
NO,FirstName,LastName,zizifni@ali.il,Pujjebvad
NO,FirstName,LastName,egnorod@temici.mc,Nutnaesu
NO,FirstName,LastName,vosoh@te.cn,Jaasna
NO,FirstName,LastName,te@sapo.ch,Bofokdez
NO,FirstName,LastName,votoari@capletfu.io,Arefakvu
NO,FirstName,LastName,hugunpul@ididuowi.gw,Lijvopop
NO,FirstName,LastName,zo@muzmedu.ir,Osijebo
NO,FirstName,LastName,giv@go.nf,Jitasuzo
NO,FirstName,LastName,ah@keteal.bg,Cefcaoh
NO,FirstName,LastName,samuzfep@pedingim.si,Mofzoit
NO,FirstName,LastName,suvuto@ecutaawe.qa,Napavatu
NO,FirstName,LastName,bumabhet@cof.kn,Bavkuncan
NO,FirstName,LastName,mawuz@uma.jm,Pozjihdok
NO,FirstName,LastName,sizmol@monur.mh,Duluhozod
NO,FirstName,LastName,jaufiuva@ab.wf,Uzoonina
NO,FirstName,LastName,loffofaj@jap.tj,Woinurah
NO,FirstName,LastName,izros@ugakompo.ec,Reflahgod
NO,FirstName,LastName,hichu@go.lr,Kohnoram
NO,FirstName,LastName,uhiuv@geseki.edu,Fosjaaw
NO,FirstName,LastName,butti@adwo.eg,Taruno
NO,FirstName,LastName,teivge@am.ky,Nebuvoha
NO,FirstName,LastName,zu@fi.mx,Coltafac
NO,FirstName,LastName,bahla@kafu.org,Vufuwija
NO,FirstName,LastName,nesauva@ru.ls,Hiutwi
NO,FirstName,LastName,mug@wokobfuf.sy,Biguto
NO,FirstName,LastName,marti@bizok.bo,Votpabme
NO,FirstName,LastName,ahugeg@ro.kn,Zajgeso
NO,FirstName,LastName,wem@famebu.gt,Ufaarocew
NO,FirstName,LastName,jajsuc@zepaga.ec,Woehaipu
NO,FirstName,LastName,kusetil@upo.bj,Jidevul
NO,FirstName,LastName,uppafi@titkocim.st,Ujfekfej
NO,FirstName,LastName,izjize@cagco.mt,Hazufgu
NO,FirstName,LastName,uzoujowiz@ablawis.sj,Elatuso
NO,FirstName,LastName,egejermo@ad.gb,Ziporein
NO,FirstName,LastName,tehris@egmer.is,Givamu
NO,FirstName,LastName,falwid@acebej.fk,Lacaba
NO,FirstName,LastName,ru@nesedo.mv,Upwuwuh
NO,FirstName,LastName,apded@uroke.mz,Jocvuoj
NO,FirstName,LastName,zuzwatem@usaewro.gh,Zuwpiwu
NO,FirstName,LastName,bow@ohosif.ag,Vujuwulo
NO,FirstName,LastName,nahaco@ped.pn,Guthugo
NO,FirstName,LastName,ilpo@ka.sd,Bivvavvol
NO,FirstName,LastName,enwiglo@jibaz.bj,Kujwudzij
NO,FirstName,LastName,ku@katfimit.bi,Pojuklo
NO,FirstName,LastName,ruwlibvih@fozomrij.ws,Afisoel
NO,FirstName,LastName,pik@pekezugo.fj,Heucegoz
NO,FirstName,LastName,rollavcam@jesa.dm,Geemwa
NO,FirstName,LastName,viujepud@ja.cr,Wuomise
NO,FirstName,LastName,zawgapwas@temrija.tz,Vunelpe
NO,FirstName,LastName,celrifwe@comem.ba,Vonebvan
NO,FirstName,LastName,kohot@rup.tv,Ohebaca
NO,FirstName,LastName,ruvigmog@waba.fo,Moalju
NO,FirstName,LastName,tuhajek@onwerew.vu,Rosoldo
NO,FirstName,LastName,jughojako@im.bb,Fufoggo
NO,FirstName,LastName,zamlohbo@bujotcu.bh,Sonhofpir
NO,FirstName,LastName,gefme@powobnim.nz,Dinpejlok
NO,FirstName,LastName,co@ziddoeso.ky,Jicazumuz
NO,FirstName,LastName,otal@ze.mr,Juvlarbun
NO,FirstName,LastName,muzget@ve.nz,Jaddepfir
NO,FirstName,LastName,rinovudom@dac.ad,Ribalog
NO,FirstName,LastName,tiwuf@ehupan.bt,Vamikre
NO,FirstName,LastName,helninca@uhganwa.ga,Vadijco
NO,FirstName,LastName,biv@duba.ye,Tulohdu
NO,FirstName,LastName,soruppur@da.eu,Rozeca
NO,FirstName,LastName,jicrisa@cu.kz,Pupgocme
NO,FirstName,LastName,ibni@gira.vu,Cewgopov
NO,FirstName,LastName,fiteuzu@copvoz.it,Gofnevta
NO,FirstName,LastName,fir@fealiuko.gl,Eparolir
NO,FirstName,LastName,bakov@du.nu,Upgamto
NO,FirstName,LastName,rafehode@dozilidum.sb,Simtusne
NO,FirstName,LastName,tonadso@gaen.za,Fetomzug
NO,FirstName,LastName,gosisre@cid.fm,Fivewju
NO,FirstName,LastName,decitim@lavoar.to,Ugedibod
NO,FirstName,LastName,tewrosci@tigac.us,Purjiso
NO,FirstName,LastName,nudrejzi@petmut.pe,Odotarid
NO,FirstName,LastName,wo@vauddet.in,Heswukmof
NO,FirstName,LastName,umzu@nodvit.pa,Girijsa
NO,FirstName,LastName,meujido@utabde.lu,Isnehej
NO,FirstName,LastName,noruhcaz@cufzo.lr,Enizerru
